trial,pgo,d,RT
1,0.5,1,222
2,0.5,1,237
3,0.5,1,246
4,0.5,1,247
5,0.5,1,249
6,0.5,1,250
7,0.5,1,251
8,0.5,1,255
9,0.5,1,256
10,0.5,1,256
11,0.5,1,257
12,0.5,1,258
13,0.5,1,261
14,0.5,1,261
15,0.5,1,264
16,0.5,1,265
17,0.5,1,267
18,0.5,1,267
19,0.5,1,268
20,0.5,1,269
21,0.5,1,270
22,0.5,1,271
23,0.5,1,271
24,0.5,1,271
25,0.5,1,272
26,0.5,1,273
27,0.5,1,273
28,0.5,1,275
29,0.5,1,277
30,0.5,1,277
31,0.5,1,277
32,0.5,1,279
33,0.5,1,279
34,0.5,1,280
35,0.5,1,280
36,0.5,1,281
37,0.5,1,281
38,0.5,1,281
39,0.5,1,281
40,0.5,1,281
41,0.5,1,281
42,0.5,1,283
43,0.5,1,283
44,0.5,1,283
45,0.5,1,284
46,0.5,1,284
47,0.5,1,284
48,0.5,1,285
49,0.5,1,286
50,0.5,1,287
51,0.5,1,287
52,0.5,1,288
53,0.5,1,289
54,0.5,1,289
55,0.5,1,291
56,0.5,1,291
57,0.5,1,291
58,0.5,1,291
59,0.5,1,294
60,0.5,1,295
61,0.5,1,295
62,0.5,1,296
63,0.5,1,296
64,0.5,1,296
65,0.5,1,298
66,0.5,1,298
67,0.5,1,298
68,0.5,1,301
69,0.5,1,301
70,0.5,1,302
71,0.5,1,302
72,0.5,1,302
73,0.5,1,302
74,0.5,1,302
75,0.5,1,303
76,0.5,1,303
77,0.5,1,303
78,0.5,1,303
79,0.5,1,304
80,0.5,1,304
81,0.5,1,305
82,0.5,1,306
83,0.5,1,307
84,0.5,1,308
85,0.5,1,308
86,0.5,1,308
87,0.5,1,309
88,0.5,1,310
89,0.5,1,311
90,0.5,1,311
91,0.5,1,311
92,0.5,1,311
93,0.5,1,311
94,0.5,1,312
95,0.5,1,315
96,0.5,1,315
97,0.5,1,315
98,0.5,1,316
99,0.5,1,316
100,0.5,1,316
101,0.5,1,316
102,0.5,1,317
103,0.5,1,317
104,0.5,1,317
105,0.5,1,318
106,0.5,1,319
107,0.5,1,319
108,0.5,1,319
109,0.5,1,319
110,0.5,1,319
111,0.5,1,319
112,0.5,1,320
113,0.5,1,320
114,0.5,1,320
115,0.5,1,321
116,0.5,1,321
117,0.5,1,321
118,0.5,1,322
119,0.5,1,322
120,0.5,1,323
121,0.5,1,323
122,0.5,1,324
123,0.5,1,324
124,0.5,1,325
125,0.5,1,325
126,0.5,1,325
127,0.5,1,326
128,0.5,1,326
129,0.5,1,326
130,0.5,1,327
131,0.5,1,327
132,0.5,1,327
133,0.5,1,328
134,0.5,1,328
135,0.5,1,328
136,0.5,1,328
137,0.5,1,328
138,0.5,1,330
139,0.5,1,332
140,0.5,1,333
141,0.5,1,333
142,0.5,1,333
143,0.5,1,334
144,0.5,1,335
145,0.5,1,335
146,0.5,1,335
147,0.5,1,336
148,0.5,1,337
149,0.5,1,337
150,0.5,1,337
151,0.5,1,338
152,0.5,1,338
153,0.5,1,339
154,0.5,1,339
155,0.5,1,339
156,0.5,1,340
157,0.5,1,340
158,0.5,1,340
159,0.5,1,340
160,0.5,1,342
161,0.5,1,342
162,0.5,1,342
163,0.5,1,342
164,0.5,1,343
165,0.5,1,343
166,0.5,1,343
167,0.5,1,343
168,0.5,1,343
169,0.5,1,343
170,0.5,1,343
171,0.5,1,344
172,0.5,1,345
173,0.5,1,345
174,0.5,1,345
175,0.5,1,345
176,0.5,1,346
177,0.5,1,346
178,0.5,1,346
179,0.5,1,346
180,0.5,1,346
181,0.5,1,347
182,0.5,1,347
183,0.5,1,347
184,0.5,1,347
185,0.5,1,347
186,0.5,1,347
187,0.5,1,347
188,0.5,1,349
189,0.5,1,349
190,0.5,1,349
191,0.5,1,350
192,0.5,1,351
193,0.5,1,351
194,0.5,1,352
195,0.5,1,352
196,0.5,1,353
197,0.5,1,353
198,0.5,1,353
199,0.5,1,353
200,0.5,1,354
201,0.5,1,354
202,0.5,1,354
203,0.5,1,354
204,0.5,1,354
205,0.5,1,355
206,0.5,1,356
207,0.5,1,356
208,0.5,1,356
209,0.5,1,356
210,0.5,1,357
211,0.5,1,358
212,0.5,1,358
213,0.5,1,359
214,0.5,1,359
215,0.5,1,360
216,0.5,1,360
217,0.5,1,361
218,0.5,1,361
219,0.5,1,362
220,0.5,1,362
221,0.5,1,363
222,0.5,1,363
223,0.5,1,364
224,0.5,1,364
225,0.5,1,364
226,0.5,1,364
227,0.5,1,365
228,0.5,1,365
229,0.5,1,365
230,0.5,1,365
231,0.5,1,366
232,0.5,1,366
233,0.5,1,367
234,0.5,1,369
235,0.5,1,369
236,0.5,1,370
237,0.5,1,370
238,0.5,1,370
239,0.5,1,370
240,0.5,1,371
241,0.5,1,371
242,0.5,1,372
243,0.5,1,372
244,0.5,1,372
245,0.5,1,372
246,0.5,1,372
247,0.5,1,373
248,0.5,1,374
249,0.5,1,374
250,0.5,1,374
251,0.5,1,375
252,0.5,1,376
253,0.5,1,376
254,0.5,1,377
255,0.5,1,377
256,0.5,1,377
257,0.5,1,377
258,0.5,1,378
259,0.5,1,378
260,0.5,1,378
261,0.5,1,379
262,0.5,1,379
263,0.5,1,379
264,0.5,1,381
265,0.5,1,381
266,0.5,1,382
267,0.5,1,383
268,0.5,1,384
269,0.5,1,384
270,0.5,1,384
271,0.5,1,384
272,0.5,1,384
273,0.5,1,384
274,0.5,1,385
275,0.5,1,386
276,0.5,1,387
277,0.5,1,387
278,0.5,1,387
279,0.5,1,388
280,0.5,1,389
281,0.5,1,389
282,0.5,1,391
283,0.5,1,392
284,0.5,1,392
285,0.5,1,392
286,0.5,1,393
287,0.5,1,393
288,0.5,1,394
289,0.5,1,394
290,0.5,1,395
291,0.5,1,395
292,0.5,1,396
293,0.5,1,396
294,0.5,1,396
295,0.5,1,396
296,0.5,1,396
297,0.5,1,397
298,0.5,1,398
299,0.5,1,399
300,0.5,1,399
301,0.5,1,401
302,0.5,1,402
303,0.5,1,402
304,0.5,1,403
305,0.5,1,403
306,0.5,1,403
307,0.5,1,404
308,0.5,1,405
309,0.5,1,405
310,0.5,1,407
311,0.5,1,410
312,0.5,1,410
313,0.5,1,410
314,0.5,1,411
315,0.5,1,411
316,0.5,1,412
317,0.5,1,412
318,0.5,1,413
319,0.5,1,414
320,0.5,1,415
321,0.5,1,416
322,0.5,1,416
323,0.5,1,416
324,0.5,1,417
325,0.5,1,417
326,0.5,1,417
327,0.5,1,417
328,0.5,1,417
329,0.5,1,418
330,0.5,1,418
331,0.5,1,419
332,0.5,1,420
333,0.5,1,421
334,0.5,1,421
335,0.5,1,422
336,0.5,1,422
337,0.5,1,423
338,0.5,1,423
339,0.5,1,426
340,0.5,1,426
341,0.5,1,427
342,0.5,1,427
343,0.5,1,427
344,0.5,1,428
345,0.5,1,428
346,0.5,1,428
347,0.5,1,428
348,0.5,1,429
349,0.5,1,430
350,0.5,1,430
351,0.5,1,431
352,0.5,1,432
353,0.5,1,433
354,0.5,1,433
355,0.5,1,435
356,0.5,1,435
357,0.5,1,435
358,0.5,1,437
359,0.5,1,438
360,0.5,1,438
361,0.5,1,440
362,0.5,1,441
363,0.5,1,441
364,0.5,1,442
365,0.5,1,443
366,0.5,1,445
367,0.5,1,450
368,0.5,1,452
369,0.5,1,455
370,0.5,1,455
371,0.5,1,458
372,0.5,1,458
373,0.5,1,458
374,0.5,1,461
375,0.5,1,464
376,0.5,1,466
377,0.5,1,466
378,0.5,1,467
379,0.5,1,471
380,0.5,1,474
381,0.5,1,478
382,0.5,1,479
383,0.5,1,479
384,0.5,1,480
385,0.5,1,481
386,0.5,1,484
387,0.5,1,484
388,0.5,1,485
389,0.5,1,485
390,0.5,1,487
391,0.5,1,488
392,0.5,1,496
393,0.5,1,496
394,0.5,1,497
395,0.5,1,498
396,0.5,1,523
397,0.5,1,531
398,0.5,1,549
399,0.5,1,559
400,0.5,1,561
401,0.5,4,199
402,0.5,4,209
403,0.5,4,222
404,0.5,4,232
405,0.5,4,235
406,0.5,4,236
407,0.5,4,237
408,0.5,4,238
409,0.5,4,238
410,0.5,4,238
411,0.5,4,239
412,0.5,4,244
413,0.5,4,245
414,0.5,4,246
415,0.5,4,246
416,0.5,4,248
417,0.5,4,249
418,0.5,4,250
419,0.5,4,252
420,0.5,4,253
421,0.5,4,254
422,0.5,4,255
423,0.5,4,255
424,0.5,4,256
425,0.5,4,257
426,0.5,4,257
427,0.5,4,257
428,0.5,4,257
429,0.5,4,258
430,0.5,4,261
431,0.5,4,261
432,0.5,4,262
433,0.5,4,263
434,0.5,4,264
435,0.5,4,264
436,0.5,4,264
437,0.5,4,264
438,0.5,4,265
439,0.5,4,265
440,0.5,4,266
441,0.5,4,267
442,0.5,4,268
443,0.5,4,269
444,0.5,4,269
445,0.5,4,270
446,0.5,4,270
447,0.5,4,270
448,0.5,4,270
449,0.5,4,271
450,0.5,4,271
451,0.5,4,271
452,0.5,4,271
453,0.5,4,271
454,0.5,4,272
455,0.5,4,272
456,0.5,4,272
457,0.5,4,273
458,0.5,4,274
459,0.5,4,274
460,0.5,4,275
461,0.5,4,275
462,0.5,4,275
463,0.5,4,275
464,0.5,4,276
465,0.5,4,276
466,0.5,4,276
467,0.5,4,276
468,0.5,4,276
469,0.5,4,276
470,0.5,4,276
471,0.5,4,277
472,0.5,4,277
473,0.5,4,278
474,0.5,4,278
475,0.5,4,278
476,0.5,4,279
477,0.5,4,279
478,0.5,4,279
479,0.5,4,281
480,0.5,4,282
481,0.5,4,282
482,0.5,4,283
483,0.5,4,283
484,0.5,4,283
485,0.5,4,284
486,0.5,4,285
487,0.5,4,287
488,0.5,4,287
489,0.5,4,287
490,0.5,4,288
491,0.5,4,289
492,0.5,4,290
493,0.5,4,290
494,0.5,4,290
495,0.5,4,290
496,0.5,4,291
497,0.5,4,291
498,0.5,4,292
499,0.5,4,292
500,0.5,4,292
501,0.5,4,292
502,0.5,4,293
503,0.5,4,293
504,0.5,4,294
505,0.5,4,294
506,0.5,4,295
507,0.5,4,295
508,0.5,4,296
509,0.5,4,296
510,0.5,4,297
511,0.5,4,297
512,0.5,4,297
513,0.5,4,298
514,0.5,4,298
515,0.5,4,298
516,0.5,4,298
517,0.5,4,299
518,0.5,4,299
519,0.5,4,299
520,0.5,4,299
521,0.5,4,300
522,0.5,4,300
523,0.5,4,300
524,0.5,4,301
525,0.5,4,301
526,0.5,4,301
527,0.5,4,302
528,0.5,4,302
529,0.5,4,302
530,0.5,4,303
531,0.5,4,303
532,0.5,4,303
533,0.5,4,303
534,0.5,4,303
535,0.5,4,304
536,0.5,4,304
537,0.5,4,305
538,0.5,4,305
539,0.5,4,305
540,0.5,4,305
541,0.5,4,305
542,0.5,4,306
543,0.5,4,306
544,0.5,4,307
545,0.5,4,308
546,0.5,4,308
547,0.5,4,309
548,0.5,4,309
549,0.5,4,310
550,0.5,4,310
551,0.5,4,311
552,0.5,4,311
553,0.5,4,311
554,0.5,4,312
555,0.5,4,312
556,0.5,4,313
557,0.5,4,313
558,0.5,4,313
559,0.5,4,314
560,0.5,4,314
561,0.5,4,315
562,0.5,4,315
563,0.5,4,315
564,0.5,4,315
565,0.5,4,315
566,0.5,4,316
567,0.5,4,317
568,0.5,4,317
569,0.5,4,317
570,0.5,4,317
571,0.5,4,317
572,0.5,4,318
573,0.5,4,318
574,0.5,4,319
575,0.5,4,319
576,0.5,4,319
577,0.5,4,319
578,0.5,4,319
579,0.5,4,319
580,0.5,4,320
581,0.5,4,321
582,0.5,4,321
583,0.5,4,321
584,0.5,4,322
585,0.5,4,322
586,0.5,4,323
587,0.5,4,323
588,0.5,4,324
589,0.5,4,324
590,0.5,4,324
591,0.5,4,324
592,0.5,4,324
593,0.5,4,324
594,0.5,4,325
595,0.5,4,325
596,0.5,4,325
597,0.5,4,326
598,0.5,4,326
599,0.5,4,326
600,0.5,4,326
601,0.5,4,326
602,0.5,4,327
603,0.5,4,327
604,0.5,4,327
605,0.5,4,327
606,0.5,4,327
607,0.5,4,327
608,0.5,4,328
609,0.5,4,328
610,0.5,4,329
611,0.5,4,329
612,0.5,4,330
613,0.5,4,330
614,0.5,4,330
615,0.5,4,330
616,0.5,4,330
617,0.5,4,330
618,0.5,4,331
619,0.5,4,331
620,0.5,4,331
621,0.5,4,331
622,0.5,4,332
623,0.5,4,332
624,0.5,4,332
625,0.5,4,333
626,0.5,4,333
627,0.5,4,333
628,0.5,4,333
629,0.5,4,334
630,0.5,4,334
631,0.5,4,334
632,0.5,4,334
633,0.5,4,335
634,0.5,4,335
635,0.5,4,335
636,0.5,4,335
637,0.5,4,336
638,0.5,4,336
639,0.5,4,336
640,0.5,4,336
641,0.5,4,336
642,0.5,4,337
643,0.5,4,338
644,0.5,4,338
645,0.5,4,338
646,0.5,4,338
647,0.5,4,339
648,0.5,4,339
649,0.5,4,340
650,0.5,4,340
651,0.5,4,340
652,0.5,4,340
653,0.5,4,342
654,0.5,4,342
655,0.5,4,345
656,0.5,4,345
657,0.5,4,346
658,0.5,4,347
659,0.5,4,347
660,0.5,4,347
661,0.5,4,348
662,0.5,4,348
663,0.5,4,348
664,0.5,4,348
665,0.5,4,348
666,0.5,4,348
667,0.5,4,349
668,0.5,4,349
669,0.5,4,350
670,0.5,4,350
671,0.5,4,350
672,0.5,4,350
673,0.5,4,351
674,0.5,4,351
675,0.5,4,351
676,0.5,4,351
677,0.5,4,351
678,0.5,4,352
679,0.5,4,352
680,0.5,4,352
681,0.5,4,353
682,0.5,4,353
683,0.5,4,353
684,0.5,4,354
685,0.5,4,354
686,0.5,4,354
687,0.5,4,358
688,0.5,4,358
689,0.5,4,360
690,0.5,4,361
691,0.5,4,361
692,0.5,4,362
693,0.5,4,362
694,0.5,4,362
695,0.5,4,362
696,0.5,4,362
697,0.5,4,362
698,0.5,4,363
699,0.5,4,364
700,0.5,4,365
701,0.5,4,365
702,0.5,4,365
703,0.5,4,365
704,0.5,4,366
705,0.5,4,366
706,0.5,4,366
707,0.5,4,366
708,0.5,4,366
709,0.5,4,367
710,0.5,4,367
711,0.5,4,367
712,0.5,4,368
713,0.5,4,369
714,0.5,4,370
715,0.5,4,370
716,0.5,4,371
717,0.5,4,371
718,0.5,4,371
719,0.5,4,372
720,0.5,4,373
721,0.5,4,373
722,0.5,4,374
723,0.5,4,376
724,0.5,4,376
725,0.5,4,376
726,0.5,4,377
727,0.5,4,378
728,0.5,4,379
729,0.5,4,379
730,0.5,4,379
731,0.5,4,380
732,0.5,4,381
733,0.5,4,381
734,0.5,4,382
735,0.5,4,385
736,0.5,4,385
737,0.5,4,385
738,0.5,4,385
739,0.5,4,386
740,0.5,4,386
741,0.5,4,386
742,0.5,4,387
743,0.5,4,387
744,0.5,4,388
745,0.5,4,388
746,0.5,4,389
747,0.5,4,389
748,0.5,4,390
749,0.5,4,391
750,0.5,4,392
751,0.5,4,392
752,0.5,4,393
753,0.5,4,393
754,0.5,4,393
755,0.5,4,394
756,0.5,4,395
757,0.5,4,395
758,0.5,4,395
759,0.5,4,395
760,0.5,4,395
761,0.5,4,396
762,0.5,4,397
763,0.5,4,397
764,0.5,4,398
765,0.5,4,398
766,0.5,4,398
767,0.5,4,401
768,0.5,4,404
769,0.5,4,413
770,0.5,4,413
771,0.5,4,413
772,0.5,4,416
773,0.5,4,418
774,0.5,4,419
775,0.5,4,423
776,0.5,4,424
777,0.5,4,429
778,0.5,4,430
779,0.5,4,430
780,0.5,4,431
781,0.5,4,432
782,0.5,4,435
783,0.5,4,436
784,0.5,4,438
785,0.5,4,438
786,0.5,4,444
787,0.5,4,444
788,0.5,4,445
789,0.5,4,445
790,0.5,4,446
791,0.5,4,448
792,0.5,4,448
793,0.5,4,450
794,0.5,4,457
795,0.5,4,459
796,0.5,4,465
797,0.5,4,479
798,0.5,4,480
799,0.5,4,483
800,0.5,4,494
801,0.75,1,186
802,0.75,1,190
803,0.75,1,196
804,0.75,1,215
805,0.75,1,216
806,0.75,1,216
807,0.75,1,216
808,0.75,1,217
809,0.75,1,218
810,0.75,1,220
811,0.75,1,221
812,0.75,1,222
813,0.75,1,222
814,0.75,1,223
815,0.75,1,223
816,0.75,1,224
817,0.75,1,226
818,0.75,1,228
819,0.75,1,229
820,0.75,1,229
821,0.75,1,230
822,0.75,1,232
823,0.75,1,233
824,0.75,1,233
825,0.75,1,233
826,0.75,1,234
827,0.75,1,235
828,0.75,1,235
829,0.75,1,235
830,0.75,1,236
831,0.75,1,236
832,0.75,1,237
833,0.75,1,237
834,0.75,1,237
835,0.75,1,237
836,0.75,1,238
837,0.75,1,238
838,0.75,1,238
839,0.75,1,240
840,0.75,1,240
841,0.75,1,240
842,0.75,1,241
843,0.75,1,242
844,0.75,1,243
845,0.75,1,244
846,0.75,1,245
847,0.75,1,245
848,0.75,1,246
849,0.75,1,247
850,0.75,1,247
851,0.75,1,247
852,0.75,1,247
853,0.75,1,248
854,0.75,1,249
855,0.75,1,250
856,0.75,1,250
857,0.75,1,251
858,0.75,1,251
859,0.75,1,251
860,0.75,1,252
861,0.75,1,252
862,0.75,1,252
863,0.75,1,253
864,0.75,1,253
865,0.75,1,253
866,0.75,1,254
867,0.75,1,254
868,0.75,1,255
869,0.75,1,255
870,0.75,1,255
871,0.75,1,256
872,0.75,1,256
873,0.75,1,256
874,0.75,1,257
875,0.75,1,257
876,0.75,1,258
877,0.75,1,258
878,0.75,1,260
879,0.75,1,261
880,0.75,1,261
881,0.75,1,262
882,0.75,1,262
883,0.75,1,263
884,0.75,1,263
885,0.75,1,264
886,0.75,1,264
887,0.75,1,264
888,0.75,1,264
889,0.75,1,264
890,0.75,1,265
891,0.75,1,265
892,0.75,1,265
893,0.75,1,265
894,0.75,1,265
895,0.75,1,266
896,0.75,1,266
897,0.75,1,266
898,0.75,1,267
899,0.75,1,267
900,0.75,1,267
901,0.75,1,268
902,0.75,1,269
903,0.75,1,269
904,0.75,1,269
905,0.75,1,270
906,0.75,1,271
907,0.75,1,271
908,0.75,1,271
909,0.75,1,271
910,0.75,1,272
911,0.75,1,273
912,0.75,1,273
913,0.75,1,273
914,0.75,1,273
915,0.75,1,273
916,0.75,1,273
917,0.75,1,273
918,0.75,1,274
919,0.75,1,274
920,0.75,1,274
921,0.75,1,274
922,0.75,1,274
923,0.75,1,274
924,0.75,1,275
925,0.75,1,275
926,0.75,1,275
927,0.75,1,275
928,0.75,1,275
929,0.75,1,275
930,0.75,1,275
931,0.75,1,275
932,0.75,1,276
933,0.75,1,276
934,0.75,1,276
935,0.75,1,276
936,0.75,1,277
937,0.75,1,277
938,0.75,1,277
939,0.75,1,278
940,0.75,1,278
941,0.75,1,278
942,0.75,1,278
943,0.75,1,278
944,0.75,1,279
945,0.75,1,279
946,0.75,1,279
947,0.75,1,279
948,0.75,1,280
949,0.75,1,280
950,0.75,1,280
951,0.75,1,281
952,0.75,1,281
953,0.75,1,281
954,0.75,1,282
955,0.75,1,282
956,0.75,1,282
957,0.75,1,283
958,0.75,1,283
959,0.75,1,284
960,0.75,1,284
961,0.75,1,284
962,0.75,1,284
963,0.75,1,284
964,0.75,1,285
965,0.75,1,285
966,0.75,1,285
967,0.75,1,285
968,0.75,1,285
969,0.75,1,286
970,0.75,1,286
971,0.75,1,287
972,0.75,1,287
973,0.75,1,287
974,0.75,1,288
975,0.75,1,288
976,0.75,1,289
977,0.75,1,289
978,0.75,1,289
979,0.75,1,289
980,0.75,1,290
981,0.75,1,290
982,0.75,1,290
983,0.75,1,290
984,0.75,1,291
985,0.75,1,291
986,0.75,1,291
987,0.75,1,291
988,0.75,1,292
989,0.75,1,292
990,0.75,1,292
991,0.75,1,292
992,0.75,1,292
993,0.75,1,293
994,0.75,1,294
995,0.75,1,294
996,0.75,1,294
997,0.75,1,294
998,0.75,1,294
999,0.75,1,295
1000,0.75,1,295
1001,0.75,1,295
1002,0.75,1,295
1003,0.75,1,295
1004,0.75,1,295
1005,0.75,1,295
1006,0.75,1,295
1007,0.75,1,295
1008,0.75,1,295
1009,0.75,1,296
1010,0.75,1,296
1011,0.75,1,296
1012,0.75,1,296
1013,0.75,1,297
1014,0.75,1,297
1015,0.75,1,297
1016,0.75,1,297
1017,0.75,1,297
1018,0.75,1,297
1019,0.75,1,298
1020,0.75,1,298
1021,0.75,1,298
1022,0.75,1,298
1023,0.75,1,299
1024,0.75,1,299
1025,0.75,1,299
1026,0.75,1,300
1027,0.75,1,300
1028,0.75,1,300
1029,0.75,1,300
1030,0.75,1,300
1031,0.75,1,300
1032,0.75,1,300
1033,0.75,1,301
1034,0.75,1,301
1035,0.75,1,301
1036,0.75,1,302
1037,0.75,1,302
1038,0.75,1,302
1039,0.75,1,303
1040,0.75,1,303
1041,0.75,1,303
1042,0.75,1,303
1043,0.75,1,304
1044,0.75,1,304
1045,0.75,1,304
1046,0.75,1,305
1047,0.75,1,305
1048,0.75,1,306
1049,0.75,1,306
1050,0.75,1,307
1051,0.75,1,307
1052,0.75,1,308
1053,0.75,1,308
1054,0.75,1,308
1055,0.75,1,308
1056,0.75,1,308
1057,0.75,1,309
1058,0.75,1,309
1059,0.75,1,309
1060,0.75,1,309
1061,0.75,1,310
1062,0.75,1,311
1063,0.75,1,311
1064,0.75,1,311
1065,0.75,1,311
1066,0.75,1,312
1067,0.75,1,312
1068,0.75,1,312
1069,0.75,1,312
1070,0.75,1,312
1071,0.75,1,312
1072,0.75,1,313
1073,0.75,1,314
1074,0.75,1,314
1075,0.75,1,314
1076,0.75,1,314
1077,0.75,1,314
1078,0.75,1,314
1079,0.75,1,315
1080,0.75,1,315
1081,0.75,1,315
1082,0.75,1,316
1083,0.75,1,316
1084,0.75,1,316
1085,0.75,1,316
1086,0.75,1,317
1087,0.75,1,317
1088,0.75,1,318
1089,0.75,1,318
1090,0.75,1,318
1091,0.75,1,319
1092,0.75,1,319
1093,0.75,1,319
1094,0.75,1,319
1095,0.75,1,319
1096,0.75,1,319
1097,0.75,1,319
1098,0.75,1,320
1099,0.75,1,320
1100,0.75,1,320
1101,0.75,1,320
1102,0.75,1,321
1103,0.75,1,321
1104,0.75,1,321
1105,0.75,1,321
1106,0.75,1,321
1107,0.75,1,322
1108,0.75,1,322
1109,0.75,1,322
1110,0.75,1,323
1111,0.75,1,323
1112,0.75,1,324
1113,0.75,1,324
1114,0.75,1,324
1115,0.75,1,325
1116,0.75,1,325
1117,0.75,1,325
1118,0.75,1,325
1119,0.75,1,325
1120,0.75,1,325
1121,0.75,1,325
1122,0.75,1,327
1123,0.75,1,327
1124,0.75,1,327
1125,0.75,1,327
1126,0.75,1,327
1127,0.75,1,328
1128,0.75,1,328
1129,0.75,1,329
1130,0.75,1,329
1131,0.75,1,329
1132,0.75,1,329
1133,0.75,1,330
1134,0.75,1,330
1135,0.75,1,330
1136,0.75,1,330
1137,0.75,1,330
1138,0.75,1,331
1139,0.75,1,331
1140,0.75,1,331
1141,0.75,1,331
1142,0.75,1,332
1143,0.75,1,332
1144,0.75,1,332
1145,0.75,1,332
1146,0.75,1,333
1147,0.75,1,333
1148,0.75,1,333
1149,0.75,1,333
1150,0.75,1,333
1151,0.75,1,333
1152,0.75,1,334
1153,0.75,1,334
1154,0.75,1,335
1155,0.75,1,335
1156,0.75,1,335
1157,0.75,1,336
1158,0.75,1,336
1159,0.75,1,336
1160,0.75,1,337
1161,0.75,1,337
1162,0.75,1,337
1163,0.75,1,337
1164,0.75,1,337
1165,0.75,1,337
1166,0.75,1,337
1167,0.75,1,338
1168,0.75,1,338
1169,0.75,1,339
1170,0.75,1,339
1171,0.75,1,339
1172,0.75,1,339
1173,0.75,1,340
1174,0.75,1,340
1175,0.75,1,340
1176,0.75,1,340
1177,0.75,1,340
1178,0.75,1,340
1179,0.75,1,340
1180,0.75,1,341
1181,0.75,1,341
1182,0.75,1,341
1183,0.75,1,341
1184,0.75,1,342
1185,0.75,1,342
1186,0.75,1,342
1187,0.75,1,343
1188,0.75,1,343
1189,0.75,1,344
1190,0.75,1,344
1191,0.75,1,344
1192,0.75,1,345
1193,0.75,1,345
1194,0.75,1,345
1195,0.75,1,345
1196,0.75,1,345
1197,0.75,1,346
1198,0.75,1,346
1199,0.75,1,346
1200,0.75,1,346
1201,0.75,1,346
1202,0.75,1,347
1203,0.75,1,347
1204,0.75,1,347
1205,0.75,1,347
1206,0.75,1,347
1207,0.75,1,347
1208,0.75,1,347
1209,0.75,1,348
1210,0.75,1,348
1211,0.75,1,349
1212,0.75,1,349
1213,0.75,1,349
1214,0.75,1,350
1215,0.75,1,350
1216,0.75,1,350
1217,0.75,1,350
1218,0.75,1,350
1219,0.75,1,350
1220,0.75,1,351
1221,0.75,1,351
1222,0.75,1,351
1223,0.75,1,352
1224,0.75,1,352
1225,0.75,1,353
1226,0.75,1,353
1227,0.75,1,353
1228,0.75,1,353
1229,0.75,1,353
1230,0.75,1,353
1231,0.75,1,354
1232,0.75,1,354
1233,0.75,1,354
1234,0.75,1,355
1235,0.75,1,355
1236,0.75,1,356
1237,0.75,1,356
1238,0.75,1,356
1239,0.75,1,356
1240,0.75,1,356
1241,0.75,1,357
1242,0.75,1,357
1243,0.75,1,358
1244,0.75,1,359
1245,0.75,1,359
1246,0.75,1,359
1247,0.75,1,359
1248,0.75,1,359
1249,0.75,1,360
1250,0.75,1,360
1251,0.75,1,360
1252,0.75,1,361
1253,0.75,1,361
1254,0.75,1,362
1255,0.75,1,362
1256,0.75,1,362
1257,0.75,1,362
1258,0.75,1,362
1259,0.75,1,363
1260,0.75,1,364
1261,0.75,1,365
1262,0.75,1,365
1263,0.75,1,366
1264,0.75,1,366
1265,0.75,1,366
1266,0.75,1,367
1267,0.75,1,367
1268,0.75,1,368
1269,0.75,1,368
1270,0.75,1,368
1271,0.75,1,369
1272,0.75,1,369
1273,0.75,1,369
1274,0.75,1,369
1275,0.75,1,369
1276,0.75,1,369
1277,0.75,1,370
1278,0.75,1,370
1279,0.75,1,370
1280,0.75,1,371
1281,0.75,1,371
1282,0.75,1,372
1283,0.75,1,372
1284,0.75,1,373
1285,0.75,1,373
1286,0.75,1,373
1287,0.75,1,373
1288,0.75,1,374
1289,0.75,1,375
1290,0.75,1,375
1291,0.75,1,375
1292,0.75,1,376
1293,0.75,1,377
1294,0.75,1,377
1295,0.75,1,377
1296,0.75,1,378
1297,0.75,1,378
1298,0.75,1,378
1299,0.75,1,378
1300,0.75,1,379
1301,0.75,1,379
1302,0.75,1,379
1303,0.75,1,380
1304,0.75,1,380
1305,0.75,1,380
1306,0.75,1,380
1307,0.75,1,381
1308,0.75,1,381
1309,0.75,1,381
1310,0.75,1,382
1311,0.75,1,382
1312,0.75,1,382
1313,0.75,1,382
1314,0.75,1,383
1315,0.75,1,383
1316,0.75,1,384
1317,0.75,1,385
1318,0.75,1,386
1319,0.75,1,387
1320,0.75,1,387
1321,0.75,1,388
1322,0.75,1,388
1323,0.75,1,388
1324,0.75,1,388
1325,0.75,1,388
1326,0.75,1,389
1327,0.75,1,390
1328,0.75,1,391
1329,0.75,1,391
1330,0.75,1,392
1331,0.75,1,392
1332,0.75,1,393
1333,0.75,1,393
1334,0.75,1,394
1335,0.75,1,394
1336,0.75,1,395
1337,0.75,1,396
1338,0.75,1,396
1339,0.75,1,400
1340,0.75,1,400
1341,0.75,1,401
1342,0.75,1,401
1343,0.75,1,403
1344,0.75,1,403
1345,0.75,1,404
1346,0.75,1,404
1347,0.75,1,405
1348,0.75,1,405
1349,0.75,1,406
1350,0.75,1,406
1351,0.75,1,407
1352,0.75,1,408
1353,0.75,1,408
1354,0.75,1,411
1355,0.75,1,412
1356,0.75,1,412
1357,0.75,1,414
1358,0.75,1,414
1359,0.75,1,417
1360,0.75,1,419
1361,0.75,1,420
1362,0.75,1,421
1363,0.75,1,422
1364,0.75,1,422
1365,0.75,1,422
1366,0.75,1,423
1367,0.75,1,423
1368,0.75,1,426
1369,0.75,1,426
1370,0.75,1,430
1371,0.75,1,430
1372,0.75,1,432
1373,0.75,1,434
1374,0.75,1,438
1375,0.75,1,439
1376,0.75,1,443
1377,0.75,1,445
1378,0.75,1,446
1379,0.75,1,446
1380,0.75,1,447
1381,0.75,1,448
1382,0.75,1,448
1383,0.75,1,448
1384,0.75,1,448
1385,0.75,1,450
1386,0.75,1,451
1387,0.75,1,456
1388,0.75,1,456
1389,0.75,1,460
1390,0.75,1,463
1391,0.75,1,465
1392,0.75,1,467
1393,0.75,1,469
1394,0.75,1,470
1395,0.75,1,481
1396,0.75,1,491
1397,0.75,1,494
1398,0.75,1,520
1399,0.75,1,531
1400,0.75,1,537
1401,0.75,4,179
1402,0.75,4,188
1403,0.75,4,199
1404,0.75,4,203
1405,0.75,4,203
1406,0.75,4,205
1407,0.75,4,205
1408,0.75,4,206
1409,0.75,4,207
1410,0.75,4,212
1411,0.75,4,213
1412,0.75,4,214
1413,0.75,4,214
1414,0.75,4,214
1415,0.75,4,215
1416,0.75,4,216
1417,0.75,4,216
1418,0.75,4,216
1419,0.75,4,217
1420,0.75,4,218
1421,0.75,4,219
1422,0.75,4,219
1423,0.75,4,219
1424,0.75,4,220
1425,0.75,4,220
1426,0.75,4,220
1427,0.75,4,221
1428,0.75,4,221
1429,0.75,4,221
1430,0.75,4,222
1431,0.75,4,222
1432,0.75,4,223
1433,0.75,4,223
1434,0.75,4,224
1435,0.75,4,225
1436,0.75,4,225
1437,0.75,4,225
1438,0.75,4,226
1439,0.75,4,226
1440,0.75,4,226
1441,0.75,4,227
1442,0.75,4,228
1443,0.75,4,228
1444,0.75,4,228
1445,0.75,4,228
1446,0.75,4,230
1447,0.75,4,230
1448,0.75,4,230
1449,0.75,4,230
1450,0.75,4,231
1451,0.75,4,231
1452,0.75,4,232
1453,0.75,4,233
1454,0.75,4,233
1455,0.75,4,234
1456,0.75,4,234
1457,0.75,4,235
1458,0.75,4,235
1459,0.75,4,235
1460,0.75,4,236
1461,0.75,4,236
1462,0.75,4,237
1463,0.75,4,237
1464,0.75,4,237
1465,0.75,4,238
1466,0.75,4,238
1467,0.75,4,239
1468,0.75,4,239
1469,0.75,4,240
1470,0.75,4,241
1471,0.75,4,242
1472,0.75,4,242
1473,0.75,4,242
1474,0.75,4,242
1475,0.75,4,242
1476,0.75,4,243
1477,0.75,4,243
1478,0.75,4,243
1479,0.75,4,243
1480,0.75,4,243
1481,0.75,4,244
1482,0.75,4,245
1483,0.75,4,245
1484,0.75,4,246
1485,0.75,4,246
1486,0.75,4,247
1487,0.75,4,248
1488,0.75,4,248
1489,0.75,4,248
1490,0.75,4,248
1491,0.75,4,249
1492,0.75,4,249
1493,0.75,4,249
1494,0.75,4,249
1495,0.75,4,250
1496,0.75,4,250
1497,0.75,4,250
1498,0.75,4,251
1499,0.75,4,251
1500,0.75,4,251
1501,0.75,4,251
1502,0.75,4,251
1503,0.75,4,252
1504,0.75,4,252
1505,0.75,4,253
1506,0.75,4,253
1507,0.75,4,253
1508,0.75,4,254
1509,0.75,4,254
1510,0.75,4,254
1511,0.75,4,254
1512,0.75,4,254
1513,0.75,4,254
1514,0.75,4,254
1515,0.75,4,254
1516,0.75,4,255
1517,0.75,4,256
1518,0.75,4,256
1519,0.75,4,256
1520,0.75,4,257
1521,0.75,4,257
1522,0.75,4,257
1523,0.75,4,257
1524,0.75,4,257
1525,0.75,4,257
1526,0.75,4,257
1527,0.75,4,257
1528,0.75,4,258
1529,0.75,4,258
1530,0.75,4,259
1531,0.75,4,259
1532,0.75,4,259
1533,0.75,4,259
1534,0.75,4,259
1535,0.75,4,259
1536,0.75,4,259
1537,0.75,4,259
1538,0.75,4,260
1539,0.75,4,260
1540,0.75,4,260
1541,0.75,4,261
1542,0.75,4,261
1543,0.75,4,261
1544,0.75,4,261
1545,0.75,4,261
1546,0.75,4,261
1547,0.75,4,261
1548,0.75,4,262
1549,0.75,4,262
1550,0.75,4,262
1551,0.75,4,262
1552,0.75,4,262
1553,0.75,4,262
1554,0.75,4,262
1555,0.75,4,262
1556,0.75,4,263
1557,0.75,4,263
1558,0.75,4,263
1559,0.75,4,263
1560,0.75,4,264
1561,0.75,4,264
1562,0.75,4,264
1563,0.75,4,265
1564,0.75,4,265
1565,0.75,4,265
1566,0.75,4,265
1567,0.75,4,266
1568,0.75,4,266
1569,0.75,4,266
1570,0.75,4,266
1571,0.75,4,266
1572,0.75,4,266
1573,0.75,4,267
1574,0.75,4,267
1575,0.75,4,267
1576,0.75,4,267
1577,0.75,4,267
1578,0.75,4,268
1579,0.75,4,268
1580,0.75,4,268
1581,0.75,4,268
1582,0.75,4,268
1583,0.75,4,269
1584,0.75,4,269
1585,0.75,4,269
1586,0.75,4,270
1587,0.75,4,271
1588,0.75,4,271
1589,0.75,4,271
1590,0.75,4,271
1591,0.75,4,271
1592,0.75,4,272
1593,0.75,4,272
1594,0.75,4,272
1595,0.75,4,272
1596,0.75,4,272
1597,0.75,4,273
1598,0.75,4,273
1599,0.75,4,273
1600,0.75,4,273
1601,0.75,4,274
1602,0.75,4,274
1603,0.75,4,274
1604,0.75,4,275
1605,0.75,4,275
1606,0.75,4,275
1607,0.75,4,276
1608,0.75,4,276
1609,0.75,4,276
1610,0.75,4,276
1611,0.75,4,276
1612,0.75,4,276
1613,0.75,4,276
1614,0.75,4,276
1615,0.75,4,277
1616,0.75,4,277
1617,0.75,4,278
1618,0.75,4,278
1619,0.75,4,278
1620,0.75,4,278
1621,0.75,4,279
1622,0.75,4,279
1623,0.75,4,279
1624,0.75,4,279
1625,0.75,4,279
1626,0.75,4,279
1627,0.75,4,279
1628,0.75,4,280
1629,0.75,4,280
1630,0.75,4,280
1631,0.75,4,280
1632,0.75,4,280
1633,0.75,4,281
1634,0.75,4,281
1635,0.75,4,281
1636,0.75,4,281
1637,0.75,4,281
1638,0.75,4,283
1639,0.75,4,283
1640,0.75,4,284
1641,0.75,4,285
1642,0.75,4,285
1643,0.75,4,285
1644,0.75,4,285
1645,0.75,4,285
1646,0.75,4,286
1647,0.75,4,286
1648,0.75,4,286
1649,0.75,4,286
1650,0.75,4,286
1651,0.75,4,287
1652,0.75,4,287
1653,0.75,4,287
1654,0.75,4,287
1655,0.75,4,288
1656,0.75,4,288
1657,0.75,4,288
1658,0.75,4,291
1659,0.75,4,291
1660,0.75,4,291
1661,0.75,4,291
1662,0.75,4,291
1663,0.75,4,291
1664,0.75,4,292
1665,0.75,4,292
1666,0.75,4,292
1667,0.75,4,292
1668,0.75,4,293
1669,0.75,4,293
1670,0.75,4,293
1671,0.75,4,293
1672,0.75,4,294
1673,0.75,4,294
1674,0.75,4,294
1675,0.75,4,295
1676,0.75,4,295
1677,0.75,4,295
1678,0.75,4,295
1679,0.75,4,295
1680,0.75,4,295
1681,0.75,4,295
1682,0.75,4,295
1683,0.75,4,295
1684,0.75,4,296
1685,0.75,4,296
1686,0.75,4,296
1687,0.75,4,296
1688,0.75,4,296
1689,0.75,4,296
1690,0.75,4,296
1691,0.75,4,298
1692,0.75,4,298
1693,0.75,4,298
1694,0.75,4,298
1695,0.75,4,298
1696,0.75,4,299
1697,0.75,4,299
1698,0.75,4,299
1699,0.75,4,299
1700,0.75,4,299
1701,0.75,4,299
1702,0.75,4,300
1703,0.75,4,300
1704,0.75,4,300
1705,0.75,4,301
1706,0.75,4,301
1707,0.75,4,301
1708,0.75,4,301
1709,0.75,4,302
1710,0.75,4,302
1711,0.75,4,302
1712,0.75,4,302
1713,0.75,4,303
1714,0.75,4,303
1715,0.75,4,303
1716,0.75,4,303
1717,0.75,4,304
1718,0.75,4,304
1719,0.75,4,304
1720,0.75,4,304
1721,0.75,4,305
1722,0.75,4,305
1723,0.75,4,306
1724,0.75,4,306
1725,0.75,4,306
1726,0.75,4,306
1727,0.75,4,306
1728,0.75,4,307
1729,0.75,4,307
1730,0.75,4,307
1731,0.75,4,307
1732,0.75,4,307
1733,0.75,4,308
1734,0.75,4,308
1735,0.75,4,308
1736,0.75,4,308
1737,0.75,4,308
1738,0.75,4,309
1739,0.75,4,309
1740,0.75,4,309
1741,0.75,4,309
1742,0.75,4,310
1743,0.75,4,310
1744,0.75,4,310
1745,0.75,4,310
1746,0.75,4,310
1747,0.75,4,310
1748,0.75,4,310
1749,0.75,4,311
1750,0.75,4,312
1751,0.75,4,312
1752,0.75,4,312
1753,0.75,4,312
1754,0.75,4,312
1755,0.75,4,312
1756,0.75,4,312
1757,0.75,4,312
1758,0.75,4,312
1759,0.75,4,312
1760,0.75,4,312
1761,0.75,4,313
1762,0.75,4,313
1763,0.75,4,313
1764,0.75,4,313
1765,0.75,4,313
1766,0.75,4,313
1767,0.75,4,313
1768,0.75,4,313
1769,0.75,4,313
1770,0.75,4,313
1771,0.75,4,313
1772,0.75,4,314
1773,0.75,4,314
1774,0.75,4,314
1775,0.75,4,314
1776,0.75,4,314
1777,0.75,4,315
1778,0.75,4,315
1779,0.75,4,315
1780,0.75,4,315
1781,0.75,4,315
1782,0.75,4,316
1783,0.75,4,316
1784,0.75,4,316
1785,0.75,4,316
1786,0.75,4,317
1787,0.75,4,318
1788,0.75,4,318
1789,0.75,4,318
1790,0.75,4,318
1791,0.75,4,319
1792,0.75,4,319
1793,0.75,4,320
1794,0.75,4,320
1795,0.75,4,321
1796,0.75,4,321
1797,0.75,4,321
1798,0.75,4,321
1799,0.75,4,321
1800,0.75,4,322
1801,0.75,4,322
1802,0.75,4,323
1803,0.75,4,323
1804,0.75,4,323
1805,0.75,4,324
1806,0.75,4,324
1807,0.75,4,324
1808,0.75,4,324
1809,0.75,4,325
1810,0.75,4,326
1811,0.75,4,326
1812,0.75,4,326
1813,0.75,4,326
1814,0.75,4,326
1815,0.75,4,326
1816,0.75,4,326
1817,0.75,4,326
1818,0.75,4,327
1819,0.75,4,327
1820,0.75,4,327
1821,0.75,4,327
1822,0.75,4,327
1823,0.75,4,327
1824,0.75,4,327
1825,0.75,4,328
1826,0.75,4,328
1827,0.75,4,328
1828,0.75,4,328
1829,0.75,4,328
1830,0.75,4,328
1831,0.75,4,329
1832,0.75,4,330
1833,0.75,4,330
1834,0.75,4,330
1835,0.75,4,330
1836,0.75,4,330
1837,0.75,4,331
1838,0.75,4,331
1839,0.75,4,331
1840,0.75,4,332
1841,0.75,4,332
1842,0.75,4,333
1843,0.75,4,334
1844,0.75,4,334
1845,0.75,4,335
1846,0.75,4,335
1847,0.75,4,335
1848,0.75,4,336
1849,0.75,4,336
1850,0.75,4,336
1851,0.75,4,336
1852,0.75,4,337
1853,0.75,4,337
1854,0.75,4,337
1855,0.75,4,337
1856,0.75,4,337
1857,0.75,4,337
1858,0.75,4,337
1859,0.75,4,338
1860,0.75,4,338
1861,0.75,4,338
1862,0.75,4,338
1863,0.75,4,339
1864,0.75,4,339
1865,0.75,4,339
1866,0.75,4,340
1867,0.75,4,340
1868,0.75,4,340
1869,0.75,4,341
1870,0.75,4,341
1871,0.75,4,341
1872,0.75,4,341
1873,0.75,4,341
1874,0.75,4,341
1875,0.75,4,342
1876,0.75,4,342
1877,0.75,4,343
1878,0.75,4,343
1879,0.75,4,343
1880,0.75,4,343
1881,0.75,4,344
1882,0.75,4,344
1883,0.75,4,344
1884,0.75,4,344
1885,0.75,4,344
1886,0.75,4,344
1887,0.75,4,345
1888,0.75,4,345
1889,0.75,4,346
1890,0.75,4,346
1891,0.75,4,347
1892,0.75,4,347
1893,0.75,4,348
1894,0.75,4,348
1895,0.75,4,349
1896,0.75,4,349
1897,0.75,4,349
1898,0.75,4,349
1899,0.75,4,349
1900,0.75,4,350
1901,0.75,4,350
1902,0.75,4,350
1903,0.75,4,350
1904,0.75,4,350
1905,0.75,4,351
1906,0.75,4,351
1907,0.75,4,352
1908,0.75,4,353
1909,0.75,4,353
1910,0.75,4,353
1911,0.75,4,353
1912,0.75,4,353
1913,0.75,4,354
1914,0.75,4,354
1915,0.75,4,354
1916,0.75,4,355
1917,0.75,4,355
1918,0.75,4,355
1919,0.75,4,355
1920,0.75,4,358
1921,0.75,4,358
1922,0.75,4,358
1923,0.75,4,359
1924,0.75,4,359
1925,0.75,4,360
1926,0.75,4,360
1927,0.75,4,360
1928,0.75,4,360
1929,0.75,4,361
1930,0.75,4,362
1931,0.75,4,362
1932,0.75,4,363
1933,0.75,4,363
1934,0.75,4,363
1935,0.75,4,364
1936,0.75,4,364
1937,0.75,4,364
1938,0.75,4,365
1939,0.75,4,366
1940,0.75,4,366
1941,0.75,4,367
1942,0.75,4,367
1943,0.75,4,367
1944,0.75,4,368
1945,0.75,4,368
1946,0.75,4,369
1947,0.75,4,370
1948,0.75,4,372
1949,0.75,4,372
1950,0.75,4,374
1951,0.75,4,374
1952,0.75,4,374
1953,0.75,4,374
1954,0.75,4,374
1955,0.75,4,375
1956,0.75,4,376
1957,0.75,4,379
1958,0.75,4,380
1959,0.75,4,381
1960,0.75,4,382
1961,0.75,4,382
1962,0.75,4,383
1963,0.75,4,383
1964,0.75,4,385
1965,0.75,4,385
1966,0.75,4,388
1967,0.75,4,388
1968,0.75,4,389
1969,0.75,4,391
1970,0.75,4,394
1971,0.75,4,401
1972,0.75,4,403
1973,0.75,4,403
1974,0.75,4,405
1975,0.75,4,406
1976,0.75,4,406
1977,0.75,4,407
1978,0.75,4,407
1979,0.75,4,411
1980,0.75,4,413
1981,0.75,4,414
1982,0.75,4,421
1983,0.75,4,421
1984,0.75,4,423
1985,0.75,4,424
1986,0.75,4,425
1987,0.75,4,431
1988,0.75,4,434
1989,0.75,4,434
1990,0.75,4,437
1991,0.75,4,437
1992,0.75,4,441
1993,0.75,4,442
1994,0.75,4,444
1995,0.75,4,445
1996,0.75,4,446
1997,0.75,4,456
1998,0.75,4,458
1999,0.75,4,466
2000,0.75,4,488
